<?xml version="1.0" encoding="utf-8"?>
<manifest xmlns="http://www.we7.cc" versionCode="0.6">
	<application setting="true">
		<name><![CDATA[拼团]]></name>
		<identifie><![CDATA[feng_fightgroups]]></identifie>
		<version><![CDATA[3.2.1]]></version>
		<type><![CDATA[business]]></type>
		<ability><![CDATA[拼团]]></ability>
		<description><![CDATA[拼团]]></description>
		<author><![CDATA[甜筒君]]></author>
		<url><![CDATA[http://bbs.we7.cc/]]></url>
	</application>
	<platform>
		<subscribes>
			<message type="text" />
		</subscribes>
		<handles>
			<message type="text" />
		</handles>
		<rule embed="false" />
	</platform>
	<bindings>
		<cover>
			<entry title="首页入口" do="index" state="" direct="false" />
			<entry title="我的订单" do="myorder" state="" direct="false" />
			<entry title="我的团" do="mygroup" state="" direct="false" />
			<entry title="个人中心" do="person" state="" direct="false" />
		</cover>
		<menu>
			<entry title="商品管理" do="goods" state="" direct="false" />
			<entry title="分类管理" do="category" state="" direct="false" />
			<entry title="幻灯片管理" do="adv" state="" direct="false" />
			<entry title="订单管理" do="order" state="" direct="false" />
			<entry title="团管理" do="grouporder" state="" direct="false" />
			<entry title="打印机管理" do="print" state="" direct="false" />
			<entry title="退款明细" do="refund" state="" direct="false" />
			<entry title="批量发货" do="import" state="" direct="false" />
		</menu>
	</bindings>
	<install><![CDATA[
CREATE TABLE IF NOT EXISTS `ims_tg_address` (
  `id` int(10) NOT NULL AUTO_INCREMENT COMMENT '主键',
  `openid` varchar(300) NOT NULL,
  `cname` varchar(30) NOT NULL COMMENT '收货人名称',
  `tel` varchar(20) NOT NULL COMMENT '手机号',
  `province` varchar(20) NOT NULL COMMENT '省',
  `city` varchar(20) NOT NULL COMMENT '市',
  `county` varchar(20) NOT NULL COMMENT '县(区)',
  `detailed_address` varchar(225) NOT NULL COMMENT '详细地址',
  `uniacid` int(10) NOT NULL COMMENT '公众号id',
  `addtime` varchar(45) NOT NULL,
  `status` int(2) NOT NULL COMMENT '1为默认',
  `type` int(2) NOT NULL COMMENT '1公司，2家庭',
  PRIMARY KEY (`id`)
) ENGINE=MyISAM  DEFAULT CHARSET=utf8;

CREATE TABLE IF NOT EXISTS `ims_tg_adv` (
  `id` int(11) NOT NULL AUTO_INCREMENT,
  `weid` int(11) DEFAULT '0',
  `advname` varchar(50) DEFAULT '',
  `link` varchar(255) DEFAULT '',
  `thumb` varchar(255) DEFAULT '',
  `displayorder` int(11) DEFAULT '0',
  `enabled` int(11) DEFAULT '0',
  PRIMARY KEY (`id`),
  KEY `indx_weid` (`weid`),
  KEY `indx_enabled` (`enabled`),
  KEY `indx_displayorder` (`displayorder`)
) ENGINE=MyISAM  DEFAULT CHARSET=utf8;

CREATE TABLE IF NOT EXISTS `ims_tg_arealimit` (
  `id` int(11) NOT NULL AUTO_INCREMENT,
  `uniacid` int(11) NOT NULL,
  `enabled` int(11) NOT NULL,
  `arealimitname` varchar(56) NOT NULL,
  `areas` text NOT NULL,
  PRIMARY KEY (`id`)
) ENGINE=MyISAM  DEFAULT CHARSET=utf8;

CREATE TABLE IF NOT EXISTS `ims_tg_category` (
  `id` int(10) unsigned NOT NULL AUTO_INCREMENT,
  `weid` int(10) unsigned NOT NULL DEFAULT '0' COMMENT '所属帐号',
  `name` varchar(50) NOT NULL COMMENT '分类名称',
  `thumb` varchar(255) NOT NULL COMMENT '分类图片',
  `parentid` int(10) unsigned NOT NULL DEFAULT '0' COMMENT '上级分类ID,0为第一级',
  `isrecommand` int(10) DEFAULT '0',
  `description` varchar(500) NOT NULL COMMENT '分类介绍',
  `displayorder` tinyint(3) unsigned NOT NULL DEFAULT '0' COMMENT '排序',
  `enabled` tinyint(1) unsigned NOT NULL DEFAULT '1' COMMENT '是否开启',
  PRIMARY KEY (`id`)
) ENGINE=MyISAM  DEFAULT CHARSET=utf8;

CREATE TABLE IF NOT EXISTS `ims_tg_collect` (
  `id` int(11) NOT NULL AUTO_INCREMENT,
  `uniacid` int(11) NOT NULL,
  `sid` int(11) NOT NULL,
  `openid` varchar(200) NOT NULL,
  PRIMARY KEY (`id`)
) ENGINE=MyISAM  DEFAULT CHARSET=utf8;

CREATE TABLE IF NOT EXISTS `ims_tg_dispatch` (
  `id` int(11) NOT NULL AUTO_INCREMENT,
  `uniacid` int(11) DEFAULT '0',
  `dispatchname` varchar(50) DEFAULT '',
  `dispatchtype` int(11) DEFAULT '0',
  `displayorder` int(11) DEFAULT '0',
  `firstprice` decimal(10,2) DEFAULT '0.00',
  `secondprice` decimal(10,2) DEFAULT '0.00',
  `firstweight` int(11) DEFAULT '0',
  `secondweight` int(11) DEFAULT '0',
  `express` varchar(250) DEFAULT '',
  `areas` text,
  `carriers` text,
  `enabled` int(11) DEFAULT '0',
  PRIMARY KEY (`id`),
  KEY `idx_uniacid` (`uniacid`),
  KEY `idx_displayorder` (`displayorder`)
) ENGINE=MyISAM  DEFAULT CHARSET=utf8;

CREATE TABLE IF NOT EXISTS `ims_tg_goods` (
  `id` int(10) NOT NULL AUTO_INCREMENT COMMENT '主键',
  `gname` varchar(225) NOT NULL COMMENT '商品名称',
  `fk_typeid` int(10) unsigned NOT NULL COMMENT '所属分类id',
  `gsn` varchar(50) NOT NULL COMMENT '商品货号',
  `gnum` int(10) unsigned NOT NULL DEFAULT '0' COMMENT '商品库存',
  `groupnum` int(10) unsigned NOT NULL COMMENT '最低拼团人数',
  `mprice` decimal(10,2) NOT NULL,
  `gprice` decimal(10,2) NOT NULL COMMENT '团购价',
  `oprice` decimal(10,2) NOT NULL COMMENT '单买价',
  `freight` decimal(10,2) NOT NULL,
  `gdesc` text NOT NULL,
  `gdetaile` longtext NOT NULL,
  `gimg` varchar(225) NOT NULL,
  `isshow` tinyint(4) NOT NULL DEFAULT '0' COMMENT '是否上架',
  `isnew` int(2) NOT NULL,
  `ishot` int(2) NOT NULL,
  `isrecommand` int(2) NOT NULL,
  `isdiscount` int(2) NOT NULL,
  `salenum` int(10) unsigned NOT NULL COMMENT '销量',
  `displayorder` int(11) NOT NULL,
  `createtime` int(10) unsigned NOT NULL COMMENT '最后修改时间',
  `uniacid` int(10) NOT NULL COMMENT '公众号的id',
  `endtime` int(11) NOT NULL COMMENT '团购限时（小时数）',
  `hasoption` int(11) NOT NULL,
  `yunfei_id` int(11) NOT NULL COMMENT '运费模板ID',
  PRIMARY KEY (`id`)
) ENGINE=MyISAM  DEFAULT CHARSET=utf8;

CREATE TABLE IF NOT EXISTS `ims_tg_goods_atlas` (
  `id` int(11) NOT NULL AUTO_INCREMENT COMMENT '自增id',
  `g_id` int(11) NOT NULL COMMENT '商品id',
  `thumb` varchar(145) NOT NULL COMMENT '图片路径',
  PRIMARY KEY (`id`)
) ENGINE=MyISAM  DEFAULT CHARSET=utf8;

CREATE TABLE IF NOT EXISTS `ims_tg_goods_option` (
  `id` int(11) NOT NULL AUTO_INCREMENT,
  `goodsid` int(10) DEFAULT '0',
  `title` varchar(50) DEFAULT '',
  `thumb` varchar(60) DEFAULT '',
  `productprice` decimal(10,2) DEFAULT '0.00',
  `marketprice` decimal(10,2) DEFAULT '0.00',
  `costprice` decimal(10,2) DEFAULT '0.00',
  `stock` int(11) DEFAULT '0',
  `weight` decimal(10,2) DEFAULT '0.00',
  `displayorder` int(11) DEFAULT '0',
  `specs` text,
  PRIMARY KEY (`id`),
  KEY `indx_goodsid` (`goodsid`),
  KEY `indx_displayorder` (`displayorder`)
) ENGINE=MyISAM  DEFAULT CHARSET=utf8;

CREATE TABLE IF NOT EXISTS `ims_tg_goods_param` (
  `id` int(11) NOT NULL AUTO_INCREMENT,
  `goodsid` int(10) DEFAULT '0',
  `title` varchar(50) DEFAULT '',
  `value` text,
  `displayorder` int(11) DEFAULT '0',
  PRIMARY KEY (`id`),
  KEY `indx_goodsid` (`goodsid`),
  KEY `indx_displayorder` (`displayorder`)
) ENGINE=MyISAM  DEFAULT CHARSET=utf8;

CREATE TABLE IF NOT EXISTS `ims_tg_group` (
  `id` int(11) NOT NULL AUTO_INCREMENT,
  `groupnumber` varchar(115) NOT NULL COMMENT '团编号',
  `goodsid` int(11) NOT NULL COMMENT '商品ID',
  `goodsname` varchar(1024) NOT NULL COMMENT '商品名称',
  `groupstatus` int(11) NOT NULL COMMENT '团状态',
  `neednum` int(11) NOT NULL COMMENT '所需人数',
  `lacknum` int(11) NOT NULL COMMENT '缺少人数',
  `starttime` varchar(225) NOT NULL COMMENT '开团时间',
  `endtime` varchar(225) NOT NULL COMMENT '到期时间',
  `uniacid` int(11) NOT NULL,
  PRIMARY KEY (`id`)
) ENGINE=MyISAM  DEFAULT CHARSET=utf8;

CREATE TABLE IF NOT EXISTS `ims_tg_order` (
  `id` int(11) NOT NULL AUTO_INCREMENT COMMENT '主键',
  `uniacid` varchar(45) NOT NULL COMMENT '公众号',
  `gnum` int(11) NOT NULL COMMENT '购买数量',
  `openid` varchar(145) NOT NULL COMMENT '用户名',
  `ptime` varchar(45) NOT NULL COMMENT '支付成功时间',
  `sendtime` varchar(115) NOT NULL,
  `gettime` varchar(115) NOT NULL,
  `orderno` varchar(50) NOT NULL COMMENT '订单编号',
  `price` varchar(45) NOT NULL COMMENT '价格',
  `goodsprice` varchar(45) NOT NULL,
  `freight` varchar(45) NOT NULL,
  `status` int(9) NOT NULL COMMENT '订单状态：0未支,1支付，2待发货，3已发货，4已签收，5已取消，6待退款，7已退款，8部分退款',
  `addressid` int(11) NOT NULL COMMENT '地址id',
  `addresstype` int(11) NOT NULL COMMENT '地址类型，1公司2家庭',
  `g_id` int(11) NOT NULL COMMENT '商品id',
  `tuan_id` int(11) NOT NULL COMMENT '团id',
  `is_tuan` int(2) NOT NULL COMMENT '是否为团1为团0为单人2多余人退款',
  `createtime` varchar(45) NOT NULL COMMENT '订单生成时间',
  `pay_type` int(4) NOT NULL COMMENT '支付方式',
  `starttime` varchar(45) NOT NULL COMMENT '开始时间',
  `endtime` int(45) NOT NULL COMMENT '结束时间（小时）',
  `tuan_first` int(11) NOT NULL COMMENT '团长',
  `express` varchar(50) DEFAULT NULL COMMENT '快递公司名称',
  `expresssn` varchar(50) DEFAULT NULL COMMENT '快递单号',
  `transid` varchar(50) NOT NULL,
  `remark` varchar(1024) NOT NULL COMMENT '备注',
  `optionid` int(11) NOT NULL,
  `addname` varchar(50) NOT NULL,
  `mobile` varchar(50) NOT NULL,
  `address` varchar(300) NOT NULL,
  `checkpay` int(2) NOT NULL COMMENT '1已校对0未',
  PRIMARY KEY (`id`)
) ENGINE=MyISAM  DEFAULT CHARSET=utf8;

CREATE TABLE IF NOT EXISTS `ims_tg_order_print` (
  `id` int(10) NOT NULL AUTO_INCREMENT,
  `uniacid` int(10) NOT NULL,
  `sid` int(10) NOT NULL,
  `pid` int(3) NOT NULL,
  `oid` int(10) NOT NULL,
  `foid` varchar(50) NOT NULL,
  `status` int(3) NOT NULL,
  `addtime` int(10) NOT NULL,
  PRIMARY KEY (`id`)
) ENGINE=MyISAM  DEFAULT CHARSET=utf8;

CREATE TABLE IF NOT EXISTS `ims_tg_print` (
  `id` int(11) NOT NULL AUTO_INCREMENT,
  `uniacid` int(10) NOT NULL,
  `sid` int(10) NOT NULL,
  `name` varchar(45) NOT NULL,
  `print_no` varchar(30) NOT NULL,
  `key` varchar(30) NOT NULL,
  `print_nums` int(3) NOT NULL,
  `qrcode_link` varchar(100) NOT NULL,
  `status` int(3) NOT NULL,
  `mode` int(11) NOT NULL,
  `member_code` varchar(50) NOT NULL,
  PRIMARY KEY (`id`)
) ENGINE=MyISAM  DEFAULT CHARSET=utf8;

CREATE TABLE IF NOT EXISTS `ims_tg_refund_record` (
  `id` int(11) NOT NULL AUTO_INCREMENT,
  `type` int(11) NOT NULL COMMENT '1手机端2Web端3最后一人退款4部分退款',
  `goodsid` int(11) NOT NULL COMMENT '商品ID',
  `payfee` varchar(100) NOT NULL COMMENT '支付金额',
  `refundfee` varchar(100) NOT NULL COMMENT '退还金额',
  `transid` varchar(115) NOT NULL COMMENT '订单编号',
  `refund_id` varchar(115) NOT NULL COMMENT '微信退款单号',
  `refundername` varchar(100) NOT NULL COMMENT '退款人姓名',
  `refundermobile` varchar(100) NOT NULL COMMENT '退款人电话',
  `goodsname` varchar(100) NOT NULL COMMENT '商品名称',
  `createtime` varchar(45) NOT NULL COMMENT '退款时间',
  `status` int(11) NOT NULL COMMENT '0未成功1成功',
  `uniacid` int(11) NOT NULL,
  `orderid` varchar(45) NOT NULL,
  PRIMARY KEY (`id`)
) ENGINE=MyISAM  DEFAULT CHARSET=utf8;

CREATE TABLE IF NOT EXISTS `ims_tg_spec` (
  `id` int(10) unsigned NOT NULL AUTO_INCREMENT,
  `weid` int(10) unsigned NOT NULL,
  `title` varchar(50) NOT NULL,
  `description` varchar(1000) NOT NULL,
  `displaytype` tinyint(3) unsigned NOT NULL,
  `content` text NOT NULL,
  `goodsid` int(11) DEFAULT '0',
  `displayorder` int(11) DEFAULT '0',
  PRIMARY KEY (`id`)
) ENGINE=MyISAM  DEFAULT CHARSET=utf8;

CREATE TABLE IF NOT EXISTS `ims_tg_spec_item` (
  `id` int(11) NOT NULL AUTO_INCREMENT,
  `weid` int(11) DEFAULT '0',
  `specid` int(11) DEFAULT '0',
  `title` varchar(255) DEFAULT '',
  `thumb` varchar(255) DEFAULT '',
  `show` int(11) DEFAULT '0',
  `displayorder` int(11) DEFAULT '0',
  PRIMARY KEY (`id`),
  KEY `indx_weid` (`weid`),
  KEY `indx_specid` (`specid`),
  KEY `indx_show` (`show`),
  KEY `indx_displayorder` (`displayorder`)
) ENGINE=MyISAM  DEFAULT CHARSET=utf8;

CREATE TABLE IF NOT EXISTS `ims_tg_user` (
  `id` int(11) NOT NULL AUTO_INCREMENT,
  `uid` int(11) NOT NULL,
  `uniacid` int(11) NOT NULL,
  `title` varchar(45) NOT NULL,
  PRIMARY KEY (`id`)
) ENGINE=MyISAM  DEFAULT CHARSET=utf8;

CREATE TABLE IF NOT EXISTS `ims_tg_member` (
  `id` int(10) unsigned NOT NULL AUTO_INCREMENT,
  `uniacid` int(10) unsigned NOT NULL COMMENT '公众账号id',
  `openid` varchar(100) NOT NULL COMMENT '微信会员openID',
  `nickname` varchar(50) NOT NULL COMMENT '昵称',
  `avatar` varchar(255) NOT NULL COMMENT '头像',
  `tag` varchar(1000) NOT NULL,
  PRIMARY KEY (`id`)
) ENGINE=MyISAM  DEFAULT CHARSET=utf8;
	]]></install>
	<uninstall><![CDATA[
DROP TABLE `ims_tg_address`, `ims_tg_adv`, `ims_tg_arealimit`, `ims_tg_category`, `ims_tg_collect`, `ims_tg_dispatch`, `ims_tg_goods`, `ims_tg_goods_atlas`, `ims_tg_goods_option`, `ims_tg_goods_param`, `ims_tg_group`, `ims_tg_order`, `ims_tg_order_print`, `ims_tg_print`, `ims_tg_refund_record`, `ims_tg_spec`, `ims_tg_spec_item`, `ims_tg_user`,`ims_tg_member`;
	]]></uninstall>
	<upgrade><![CDATA[upgrade.php]]></upgrade>
</manifest>